{"cameraMode":{"drawMode":0,"name":"Shaded","section":"Shading Mode"},"sceneLighting":false,"audioPlay":false,"sceneViewState":{"showFog":true,"showMaterialUpdate":false,"showSkybox":false,"showFlares":true,"showImageEffects":true,"showParticleSystems":true},"in2DMode":false,"pivot":{"x":42.06854248046875,"y":30.0081787109375,"z":-1732.07470703125},"rotation":{"x":0.026894638314843179,"y":-0.08685891330242157,"z":0.002345580607652664,"w":0.9958564043045044},"size":524.5387573242188,"orthographic":true}