{"cameraMode":{"drawMode":0,"name":"Shaded","section":"Shading Mode"},"sceneLighting":true,"audioPlay":false,"sceneViewState":{"showFog":true,"showMaterialUpdate":false,"showSkybox":false,"showFlares":true,"showImageEffects":true,"showParticleSystems":true},"in2DMode":false,"pivot":{"x":0.03843998908996582,"y":1.0103068351745606,"z":0.014259815216064453},"rotation":{"x":-0.009551809169352055,"y":0.9687942266464233,"z":-0.03780195116996765,"w":-0.24479582905769349},"size":1.4113337993621827,"orthographic":true}