{"cameraMode":{"drawMode":0,"name":"Shaded","section":"Shading Mode"},"sceneLighting":false,"audioPlay":false,"sceneViewState":{"showFog":true,"showMaterialUpdate":false,"showSkybox":false,"showFlares":true,"showImageEffects":true,"showParticleSystems":true},"in2DMode":false,"pivot":{"x":0.04629775881767273,"y":0.3548605144023895,"z":1.275028944015503},"rotation":{"x":0.33185604214668276,"y":0.09036879241466522,"z":-0.031956493854522708,"w":0.9384481310844421},"size":0.7361769080162048,"orthographic":true}