{"cameraMode":{"drawMode":0,"name":"Shaded","section":"Shading Mode"},"sceneLighting":true,"audioPlay":false,"sceneViewState":{"showFog":true,"showMaterialUpdate":false,"showSkybox":false,"showFlares":true,"showImageEffects":true,"showParticleSystems":true},"in2DMode":false,"pivot":{"x":-0.01832708716392517,"y":0.19237425923347474,"z":-0.007792390882968903},"rotation":{"x":0.2077006995677948,"y":0.039604492485523227,"z":-0.00841647107154131,"w":0.9773544669151306},"size":0.4696725904941559,"orthographic":true}