{"cameraMode":{"drawMode":0,"name":"Shaded","section":"Shading Mode"},"sceneLighting":true,"audioPlay":false,"sceneViewState":{"showFog":true,"showMaterialUpdate":false,"showSkybox":false,"showFlares":true,"showImageEffects":true,"showParticleSystems":true},"in2DMode":false,"pivot":{"x":5.606365203857422,"y":2.1670570373535158,"z":-10.615453720092774},"rotation":{"x":0.2077006995677948,"y":0.039604492485523227,"z":-0.00841647107154131,"w":0.9773544669151306},"size":12.12435531616211,"orthographic":true}